{
  "project_info": {
    "project_number": "631454180786",
    "firebase_url": "https://tulba-adf4f.firebaseio.com",
    "project_id": "tulba-adf4f",
    "storage_bucket": "tulba-adf4f.appspot.com"
  },
  "client": [
    {
      "client_info": {
        "mobilesdk_app_id": "1:631454180786:android:0972e0bca781d51ff470ab",
        "android_client_info": {
          "package_name": "com.tulba.flutter_tulba_app"
        }
      },
      "oauth_client": [
        {
          "client_id": "631454180786-jn0oocqvigdu1c4ljpesjb0j97q82v1a.apps.googleusercontent.com",
          "client_type": 3
        }
      ],
      "api_key": [
        {
          "current_key": "AIzaSyBVo6tTaVcZ5Cu9-ToS35e-NhLKj-Gsw1A"
        }
      ],
      "services": {
        "appinvite_service": {
          "other_platform_oauth_client": [
            {
              "client_id": "631454180786-jn0oocqvigdu1c4ljpesjb0j97q82v1a.apps.googleusercontent.com",
              "client_type": 3
            }
          ]
        }
      }
    }
  ],
  "configuration_version": "1"
}